{"validation_0": {"logloss": [0.37881343511701543, 0.2805776313111857, 0.21830682562048545, 0.17115901915883502, 0.1362969685637075, 0.11043937431811375, 0.09150354700288027, 0.07466776393347609, 0.06246389516889606, 0.0527376121801412, 0.04443414883823399, 0.03851283157992864, 0.03348939090612295, 0.02908484206911566, 0.02528852187086193, 0.02249655937625629, 0.02021072863031633, 0.01781331262851534, 0.0162202869220985, 0.01454274352835406, 0.01329043326381772, 0.01201313827123769, 0.01100713592134424, 0.0103298577148007, 0.00957366573867652, 0.00881439543801665, 0.00829390035599293, 0.00772045367226714, 0.00732350224486579, 0.00690011839841496, 0.00645833627083217, 0.00610224753302568, 0.00579856054153497, 0.0054986707666069, 0.0052363107969631, 0.0050015288174798, 0.00479470327314698, 0.00460267153406708, 0.00439005263319138, 0.00423608848234023, 0.00407883891532699, 0.00393230524587503, 0.00379798918535486, 0.00368660078543851, 0.00357171860706719, 0.00346644448161652, 0.00337273652354917, 0.00326359671504092, 0.00317328670409042, 0.00308112809166877, 0.00299418156856837, 0.00289845612071857, 0.00282793159908984, 0.00276055257511766, 0.00269353553377521, 0.00262158296008946, 0.00255725172460849, 0.00250432448415443, 0.00245956284320628, 0.00241207668896553, 0.00236361659206733, 0.0023215456919413, 0.00227470074455165, 0.00222855124730271, 0.00218764924941311, 0.00215514378824182, 0.00211623625548377, 0.00208378242017978, 0.00205415746413322, 0.00202036155315391, 0.0019881996449111, 0.00196152763947852, 0.00192892292285476, 0.00190386926943616, 0.00187876743280755, 0.00185018649928956, 0.00181977093114822, 0.00179500868254085, 0.00177262231139211, 0.00174472553593682, 0.00172547954073932, 0.00170641382406805, 0.00168620411461708, 0.00166158834316746, 0.00164257944106028, 0.00162291009912911, 0.00160582330289035, 0.00158860319927053, 0.0015710929242796, 0.00155245153292747, 0.00153332156360362, 0.00151729053139072, 0.00150332201219381, 0.00148873672820217, 0.00147615568837468, 0.00146157657183101, 0.00144828567308161, 0.00143739683843181, 0.00142380886638103, 0.00141102805605205]}, "validation_1": {"logloss": [0.40775234354588824, 0.32073340579184867, 0.26752017343146656, 0.23010275854181697, 0.20310549779958625, 0.18192946150159564, 0.16965648366266306, 0.16027593084447483, 0.14918735178315456, 0.14204681124751464, 0.13489467806168584, 0.13294736571602864, 0.12832434885363797, 0.12500609596035947, 0.12022129036192888, 0.1180604720823218, 0.11988532875454806, 0.11883552836317335, 0.11864899077456274, 0.11737288353542126, 0.11692199958061786, 0.11702140727420764, 0.11586408163349762, 0.11456803747385923, 0.1143373863439752, 0.11316689196496381, 0.1117233579593943, 0.1103925123619816, 0.11155124628556029, 0.11226462549280032, 0.11424886308424263, 0.11464949787339108, 0.11353220971955645, 0.11174742115217114, 0.112334796685303, 0.11358695260109197, 0.11350328743287892, 0.1130226130228094, 0.1124007565189153, 0.11233310364469054, 0.11287825579485715, 0.11305037394985107, 0.11314337960613265, 0.11327604225740455, 0.11355418697540415, 0.11166565719488673, 0.1122119937550965, 0.11230936005846397, 0.11246135033849777, 0.113466767957971, 0.1135074343349078, 0.1137915213395747, 0.11340241483091583, 0.11248558904388724, 0.11229630223704047, 0.11182373283283166, 0.11118995924334914, 0.11132180502033949, 0.11177421143209372, 0.11181364592612018, 0.1115936645040092, 0.11181583386761158, 0.11299507173131126, 0.11293085044514611, 0.11267879809868486, 0.11275106045723825, 0.1128115640607478, 0.11262237141948074, 0.11238306129480267, 0.11278169667203997, 0.11299672816782805, 0.11330119048698058, 0.1139759747819449, 0.11361026991433709, 0.11269469701450777, 0.11298610603847171, 0.11275529717730896, 0.11258808465160519, 0.11201013509425206, 0.11177580660483694, 0.11251139671366954, 0.11203331087139971, 0.1125808933760833, 0.11250327390643047, 0.11269398613159322, 0.11304641916624465, 0.1131402956306585, 0.11288583037803497, 0.11327841509058763, 0.11243754467487892, 0.11241961698646284, 0.11249059537544824, 0.11244665644074846, 0.11230868837100681, 0.11237096612343501, 0.11268641322609205, 0.11266143276852901, 0.11274582113948048, 0.11221112929047715, 0.1124269819827112]}}