{"validation_0": {"logloss": [0.37881343511701543, 0.2805776313111857, 0.21830682562048545, 0.17115901915883502, 0.1362969685637075, 0.11043937431811375, 0.09150354700288027, 0.07466776393347609, 0.06246389516889606, 0.0527376121801412, 0.04443414883823399, 0.03851283157992864, 0.03348939090612295, 0.02908484206911566, 0.02528852187086193, 0.02249655937625629, 0.02021072863031633, 0.01781331262851534, 0.0162202869220985]}, "validation_1": {"logloss": [0.40775234354588824, 0.32073340579184867, 0.26752017343146656, 0.23010275854181697, 0.20310549779958625, 0.18192946150159564, 0.16965648366266306, 0.16027593084447483, 0.14918735178315456, 0.14204681124751464, 0.13489467806168584, 0.13294736571602864, 0.12832434885363797, 0.12500609596035947, 0.12022129036192888, 0.1180604720823218, 0.11988532875454806, 0.11883552836317335, 0.11864899077456274]}}